<?xml version="1.0" encoding="utf-8"?>
<rss version="2.0" xmlns:sparkle="http://www.andymatuschak.org/xml-namespaces/sparkle"  xmlns:dc="http://purl.org/dc/elements/1.1/">
  <channel>
    <title>Shared Text Styles</title>
    <link>https://raw.githubusercontent.com/nilshoenson/shared-text-styles/master/appcast.xml</link>
    <description>Import and export text styles.</description>
    <language>en</language>
      <item>
        <title>Version 1.3</title>
        <description>
          <![CDATA[
            <ul>
              <li>Updated for Sketch's plugin update format</li>
            </ul>
          ]]>
        </description>
        <enclosure url="https://github.com/nilshoenson/shared-text-styles/archive/1.3.zip" sparkle:version="1.3" type="application/octet-stream" />
      </item>
      <item>
        <title>Version 1.4</title>
        <description>
          <![CDATA[
          <ul>
            <li>Compatible with Sketch 47+</li>
          </ul>
          ]]>
        </description>
        <enclosure url="https://github.com/nilshoenson/shared-text-styles/archive/1.4.zip" sparkle:version="1.4"/>
      </item>
      <item>
        <title>Version 1.5</title>
        <description>
          <![CDATA[
          <ul>
            <li>Compatible with Sketch 48+</li>
          </ul>
          ]]>
        </description>
        <enclosure url="https://github.com/nilshoenson/shared-text-styles/archive/1.5.zip" sparkle:version="1.5"/>
      </item>
      <item>
        <title>Version 1.5.1</title>
        <description>
          <![CDATA[
          <ul>
            <li>Small bug fix</li>
          </ul>
          ]]>
        </description>
        <enclosure url="https://github.com/nilshoenson/shared-text-styles/archive/1.5.1.zip" sparkle:version="1.5.1"/>
      </item>
      <item>
        <title>Version 1.5.2</title>
        <description>
          <![CDATA[
          <ul>
            <li>Fixed version number</li>
          </ul>
          ]]>
        </description>
        <enclosure url="https://github.com/nilshoenson/shared-text-styles/archive/1.5.2.zip" sparkle:version="1.5.2"/>
      </item>
      <item>
        <title>Version 1.5.4</title>
        <description>
          <![CDATA[
          <ul>
            <li>Fixed an importing issue.</li>
          </ul>
          ]]>
        </description>
        <enclosure url="https://github.com/nilshoenson/shared-text-styles/archive/1.5.4.zip" sparkle:version="1.5.4"/>
      </item>
      <item>
        <title>Version 1.6.1</title>
        <description>
          <![CDATA[
          <ul>
            <li>Added paragraph value to import</li>
            <li>Added paragraph value to export</li>
          </ul>
          ]]>
        </description>
        <enclosure url="https://github.com/nilshoenson/shared-text-styles/archive/1.6.1.zip" sparkle:version="1.6.1"/>
      </item>
      <item>
        <title>Version 1.6.2</title>
        <description>
          <![CDATA[
          <ul>
            <li>Added support for underline and strikethrough values</li>
          </ul>
          ]]>
        </description>
        <enclosure url="https://github.com/nilshoenson/shared-text-styles/archive/1.6.2.zip" sparkle:version="1.6.2"/>
      </item>
      <item>
        <title>Version 1.6.3</title>
        <description>
          <![CDATA[
          <ul>
            <li>Fixed importing issue</li>
          </ul>
          ]]>
        </description>
        <enclosure url="https://github.com/nilshoenson/shared-text-styles/archive/1.6.3.zip" sparkle:version="1.6.3"/>
      </item>
      <item>
        <title>Version 1.7.0</title>
        <description>
          <![CDATA[
          <ul>
            <li>Updated plugin to work with Sketch 50</li>
          </ul>
          ]]>
        </description>
        <enclosure url="https://github.com/nilshoenson/shared-text-styles/archive/1.7.0.zip" sparkle:version="1.7.0"/>
      </item>
      <item>
        <title>Version 1.7.2</title>
        <description>
          <![CDATA[
          <ul>
            <li>Fixed ugly bug with empty values</li>
          </ul>
          ]]>
        </description>
        <enclosure url="https://github.com/nilshoenson/shared-text-styles/archive/1.7.2.zip" sparkle:version="1.7.2"/>
      </item>
  </channel>
</rss>
